USER_ID,LATITUDE,LONGITUDE,theta,v,H,L
1,-37.8146194639989,144.97444349399782,3.911996362160657,0.7711039372544471,2,1
2,-37.81013955044752,144.97045445740827,0.5411613654379672,9.747555832684288,2,1
3,-37.81989155597466,144.95730500943992,2.5424011728157625,5.4416977258442065,3,2
4,-37.81452358749519,144.95363194415222,5.392974509267051,0.7589160870425165,2,2
5,-37.8141,144.963,4.857976360676493,1.181466065774106,2,1
6,-37.811659660777174,144.96590852785317,2.1459194139842697,1.098646115259938,2,1
7,-37.81378490910957,144.9592139320749,6.118833898796761,0.85918366412686,2,2
8,-37.81208430778482,144.957673808202,0.07040015939126973,1.2501536886990507,3,2
9,-37.81490830722213,144.9702766021266,1.555036636756281,8.051466450754631,1,1
10,-37.81524915678738,144.97314159073107,1.882058726937123,0.9552999844744485,1,1
11,-37.810489768708294,144.96983246885642,1.8146187322863658,6.1021980997878185,2,1
12,-37.81511905228891,144.96723197737057,1.9461864008783958,1.3167532657436656,2,2
13,-37.8193757585424,144.96072703660153,0.8482086183805828,4.14761044902308,1,1
14,-37.81493990503614,144.9571064400715,6.183399146891241,1.131553481902476,2,1
15,-37.814904232143626,144.95946785250575,3.209599829284522,0.6748457750979678,2,2
16,-37.81234195524841,144.95747264257747,3.3956516542007056,0.7228683630320132,1,1
17,-37.81255101130159,144.96912121560825,6.0288625558969455,0.8574672858555301,1,1
18,-37.81297799000399,144.96500386189254,2.3849977936116535,1.255621728862259,3,2
19,-37.815635938946144,144.96891885702712,0.874454890414323,0.7251296502924686,2,2
20,-37.814217327179065,144.96868620157775,4.581372623288188,6.166118462417299,2,1
21,-37.81149843916813,144.9578509039312,1.203031667818723,1.2758111197396613,1,1
22,-37.81755323848202,144.96367939894515,5.3210676132212535,1.335915586023198,2,1
23,-37.813824367361065,144.95564249481137,1.0418716244415485,1.210993774528673,2,1
24,-37.817498900730406,144.95733373953922,3.5049476216806665,0.661624717747954,2,1
25,-37.81441433608599,144.9642030290308,2.1072045756253828,0.5235638483358149,3,1
26,-37.81668476737767,144.96055280996944,5.447031320713369,0.8508836268723827,2,1
27,-37.809764800291596,144.96655091362405,2.826451877975439,0.6727315907139106,3,2
28,-37.81820164875195,144.9628227548919,1.4161130101471218,0.5956271595156496,2,2
29,-37.81775821439796,144.95905833648234,4.661730458343865,0.7603581525631069,1,1
30,-37.815433858078045,144.97034870559298,4.6690807869395154,4.0236802171553965,1,1
31,-37.81443729389206,144.96424442351238,6.247078982323777,0.5292050233538078,2,1
32,-37.81245048118888,144.96022544074387,3.1032330624938793,0.8044758587661758,3,2
33,-37.815087858660995,144.9565915498273,1.9009232683703698,1.1353563726091909,1,1
34,-37.8164818671844,144.95680394658794,2.219417512601617,1.1048735476419405,3,1
35,-37.816569308643416,144.96263498859182,5.996680678174667,1.0383645857554027,1,1
36,-37.818182093424454,144.9554346472199,2.1401013612872046,1.0367878617214044,2,2
37,-37.810934076866936,144.97118109207815,2.3465003780345137,0.5871838483963365,2,1
38,-37.80981442880432,144.97104036325564,4.25457800892729,0.7282812737781403,1,1
39,-37.811771085862645,144.96878837649064,5.704535280860823,1.2761615726204831,2,1
40,-37.81314036967468,144.97219005323734,0.4405244192613195,0.8290289152561069,2,2
41,-37.818454112181655,144.95560243873098,5.561298200295076,1.2226332260042176,1,1
42,-37.817602847714355,144.96534032696024,3.2457986154691247,1.1313414337888714,1,1
43,-37.813022761188186,144.95743793035817,3.541030968726176,9.698253465385887,2,1
44,-37.811961461674116,144.95793351023443,6.17147203576403,0.9966326096920789,2,1
45,-37.81631295711501,144.95487360390817,5.323845172253719,1.1131422362790242,2,1
46,-37.810619674704704,144.9661532277868,3.5339750643783576,0.4925808793625528,1,1
47,-37.81890017710286,144.95657280630863,5.806150661004545,0.7363603666985432,2,2
48,-37.81620548287361,144.9562963703685,3.2909263797338837,4.570763690822746,2,2
49,-37.8173763955731,144.95820971641513,6.056015893472154,1.0011817698021677,3,2
50,-37.81246959159245,144.96517473073592,5.8240705846321825,0.7569716819607817,3,1
51,-37.81530448687538,144.9738353504629,0.3843170018332665,0.7865763678983599,2,2
52,-37.81559015745049,144.95788746072122,5.27266893199658,6.68008057528377,3,2
53,-37.81515321268496,144.9543555150747,1.0070804200714145,1.1252075743480445,3,1
54,-37.811980895709056,144.96101188554448,4.700820448570295,0.497663742775252,1,1
55,-37.81583784531715,144.9567919415086,2.9929475249956847,0.9919599018906126,1,1
56,-37.81822780902323,144.96204970572668,5.27867144067728,1.2333046187044114,2,1
57,-37.809754250865566,144.9653089392123,1.7517484699971124,1.0129545691845407,2,2
58,-37.816014832849596,144.96218720038516,5.378779846787854,0.46474285693625317,2,1
59,-37.81824729720168,144.95788257657432,2.135930359183084,8.84603206031775,3,1
60,-37.81169069913211,144.9729413073083,4.816380610264747,0.7645394482199694,3,2
61,-37.810307723642566,144.96345193649725,3.8356549718041375,1.2841107957502578,1,1
62,-37.81501646921105,144.961033078234,2.432932641123847,0.7903118411311458,1,1
63,-37.815982748373436,144.9703759077961,0.005609890930048191,0.5062695551692287,2,2
64,-37.81005285239336,144.97245976295858,5.741536661791182,1.164265298795638,2,2
65,-37.81662369177465,144.96199326088728,3.51172887539257,0.64644400968028,3,2
66,-37.81550664400609,144.9588669118137,0.8252685939415716,8.84682651393687,1,1
67,-37.80832559873856,144.97105692378244,5.900670240919266,1.071605965693291,3,3
68,-37.815292901403865,144.9581980664844,1.7356749295577807,9.604989064051175,2,2
69,-37.815402331519664,144.96862113084708,4.589348518919597,0.8412224353876007,3,1
70,-37.82042269544211,144.95559218965195,2.847046238326066,1.2908589807913615,3,3
71,-37.81636319456922,144.95751846846986,5.803887136430094,2.7802194414791233,1,1
72,-37.8111450642057,144.95869015467085,1.4490881404146072,1.2749559110329227,1,1
73,-37.81491219230061,144.96724534437863,4.187778436259517,2.756806263017523,3,1
74,-37.81281397024549,144.95964232785457,3.7567512127170994,1.1667720265362482,1,1
75,-37.81609271823536,144.95951465145652,1.2800966243432768,1.2360254467651957,2,2
76,-37.814427289506646,144.96186020608852,0.664407529680343,1.335999795633422,2,2
77,-37.8152880608233,144.95755665867134,1.122305673225803,8.60593843040836,2,1
78,-37.812623691007296,144.9543199827372,5.369751979442292,1.2884208276245457,3,1
79,-37.81434477944883,144.9661723156081,3.1093224301673628,0.8305577120884107,2,2
80,-37.813411726044,144.9633448043823,4.464501992950754,8.75082268682425,3,3
81,-37.81863462959422,144.95412376048932,1.0124017414044701,0.851199076947944,1,1
82,-37.81461412576572,144.95940436068446,0.2613180896591729,1.0938761497454519,2,1
83,-37.81187287064164,144.95990644900326,3.6765518083024182,0.8936330606179135,2,2
84,-37.81359639366063,144.96566203666927,2.826551548125596,1.0297504974650429,2,1
85,-37.816649611039466,144.96243824678538,4.991331889116468,0.7454762354224397,2,1
86,-37.81383749401309,144.96786005164762,5.080440555727372,9.360421491890467,3,1
87,-37.810271092264315,144.96148562136437,5.135456236847636,0.8148053812704135,2,1
88,-37.817280789189255,144.95470628845717,1.7216451775145345,0.5063233908187625,2,2
89,-37.81073024501232,144.96464952572055,1.7304391331935058,0.8383208858498378,2,1
90,-37.809379114116936,144.96661695158255,1.1128079004583362,1.0047652608017508,2,1
91,-37.8154236551673,144.97112054876663,2.953498461929569,1.316110167269464,2,2
92,-37.814282097749356,144.9558019292635,0.9560256297670732,1.040058087484097,3,1
93,-37.81398983143549,144.95526401903842,5.350261669600601,0.7370202194684934,2,1
94,-37.81269047964266,144.97001928056926,5.238797450122843,9.47540711565526,3,3
95,-37.81704270963471,144.96574598037978,1.0666498754986287,1.0928611066852647,2,2
96,-37.80993435421895,144.96803170289266,4.918759665532585,0.9593120161521672,2,1
97,-37.81336629000091,144.96526757128441,4.907582960097976,1.2764117574092428,2,2
98,-37.812076358497755,144.95890686602672,4.3735346862945415,3.447842921221809,1,1
99,-37.81386380787004,144.9671532039937,1.3862390219195404,0.9964349279370867,2,2
100,-37.815256314325616,144.96706991446212,2.7602512994916535,0.654865332387596,2,2
101,-37.810228413982344,144.965625273269,0.31090289453286235,6.209437925910808,2,2
102,-37.815828118346055,144.97014914520236,3.4275697567398344,7.007518572139614,3,2
103,-37.812824023300635,144.96708700509325,4.317188972106117,1.0216311053673897,2,1
104,-37.813533856350006,144.97089686575208,3.8148779281440683,0.9897680891434697,2,1
105,-37.81710028921741,144.9666416510187,2.911522101660906,1.1087603855511974,1,1
106,-37.813610086086776,144.96382407169256,1.3757956257591406,1.2471705144222716,3,2
107,-37.816162429752154,144.95515855845326,3.252956546139175,5.223246605223742,2,1
108,-37.81343832758531,144.9543205552524,1.0738405170961394,0.6655262975890404,2,2
109,-37.81381423822018,144.95681981996262,4.7631246446382836,0.9657554794991684,2,2
110,-37.81219673091717,144.95846412345497,4.951182598400787,1.1861735639069622,2,1
111,-37.81685255856487,144.96583133280848,4.259395864563703,0.5859917691831387,3,2
112,-37.81077185583469,144.96176723915443,0.23904899046380107,0.852263868671874,1,1
113,-37.81582166727068,144.9544731746359,3.5221021504835415,1.211486098454642,3,3
114,-37.8122,144.96200000000005,4.763149960260366,0.7597924750155569,1,1
115,-37.814534986869795,144.96690314180884,3.9955094520802836,0.7298410096815654,1,1
116,-37.81112722965496,144.97037973535268,0.12848347122759643,1.0593892744199023,2,2
117,-37.81878203438363,144.9608362897805,4.553491193322957,0.7453544265791389,2,1
118,-37.80887359191431,144.96695535609854,6.063711747372723,0.46325192449790953,2,1
119,-37.814140880967706,144.97300933618303,4.805683033940462,1.3180632880117662,3,2
120,-37.81145428810651,144.96033542401761,3.45954540189377,1.3031787823204404,1,1
121,-37.817149693719784,144.95966985383092,5.204246311456297,4.946635068779777,1,1
122,-37.81184268163072,144.97198713616086,0.002455602649113701,0.5321877975673105,3,2
123,-37.81436932987712,144.97440313968735,0.7661894749444155,6.445373400514921,2,2
124,-37.816368653365565,144.9678220288784,2.534434744545368,0.6864240481381669,2,2
125,-37.81410953684771,144.9611027269921,4.791059342462265,0.6983906354190863,2,2
126,-37.81258220032159,144.95953749398936,2.479101194598625,0.5968126574558649,1,1
127,-37.81886388920103,144.9554224959066,5.667510935306737,0.8329594346998342,2,1
128,-37.81058884070313,144.96343954593712,3.465473852035061,1.2366586563920339,1,1
129,-37.81426518323673,144.96232529282378,6.118072782637815,1.290000606820351,2,2
130,-37.8180223726696,144.95618459646778,5.350044084191495,0.6725132689697333,2,1
131,-37.81327368975608,144.95278751605628,3.6806372767805167,0.5544625157250046,3,2
132,-37.80942181880139,144.96948914407955,1.3456925084178806,1.2774712100760959,1,1
133,-37.808387942708954,144.96957596542518,5.992691907752003,0.903052285434954,3,2
134,-37.816161532485964,144.95769870935618,6.137172171888249,1.0541386182005954,3,2
135,-37.81006922020894,144.96876865009997,2.9026120826816406,1.3130588234622096,2,2
136,-37.81878563169622,144.95593348941532,6.14551524862904,1.2005846963530482,2,2
137,-37.8195583637891,144.9592948033818,0.7598351364566415,0.7708112909067399,3,2
138,-37.810226149935055,144.96726385549758,1.0441278037490316,0.9525470555052941,2,2
139,-37.81143311958429,144.96255270542738,0.0723171903006847,1.3199256199995264,2,2
140,-37.818635024335535,144.95878986460198,3.473745842720172,0.6440300949141129,3,2
141,-37.81207375798799,144.95739461518238,5.567060832637113,1.155345979682065,1,1
142,-37.80985467475024,144.9705861301771,0.5735861733305863,0.8738051748349054,2,2
143,-37.81366052864124,144.96338279584768,0.5247363976240499,0.7946874802772089,2,2
144,-37.814056014862906,144.95919020583543,5.075932542859357,1.0269014847754594,2,1
145,-37.81782696824719,144.96329918008317,1.1557263019437543,4.836996374561322,2,1
146,-37.8100048570401,144.9704471847549,1.2869342809104718,0.945649301666738,2,1
147,-37.81551142225007,144.96675919319705,4.4664623050907535,7.472379814309579,2,2
148,-37.817979795158145,144.95740763285224,2.7586831395279474,0.626244092801086,3,1
149,-37.814943718314524,144.95653940674518,5.635019286758156,0.9873028757317929,1,1
150,-37.81662789038045,144.95378445282245,5.81226405719189,2.9500048189389947,3,2
151,-37.81122850483729,144.96722854045237,3.072973536658539,0.7124319775259438,3,3
152,-37.8112599723541,144.96134132878228,3.8107101068407947,1.0603823861818231,3,2
153,-37.8152,144.9632,5.426061483812926,1.0610671782617629,2,1
154,-37.811785164879964,144.97258266879308,3.3517274451225525,1.3282398719927664,2,1
155,-37.81213897469283,144.9582042323761,1.734443181248955,0.9720956060019241,2,2
156,-37.81497877142261,144.95664626070533,2.064259688185723,0.46272935239852186,3,1
157,-37.81438821918856,144.9738746229193,0.6455722060297799,0.6680437816347422,2,1
158,-37.817178218944825,144.96376572385662,1.9688447964631535,1.1150875699548353,3,2
159,-37.81548411651614,144.95719801448084,3.645435337388455,0.5047100101634328,3,3
160,-37.8135444274231,144.96947654434842,4.8033041904255045,3.4442846211875304,2,1
161,-37.80961210319021,144.9648825507597,1.309220864317557,1.126317552446424,2,2
162,-37.818622754550574,144.95833870788516,4.841980441134719,0.7711514383317419,1,1
163,-37.817751195010146,144.95871270496306,5.55032224214293,1.1742289055616892,2,2
164,-37.812817502593454,144.97362825640056,2.051362973481446,0.9978139309516246,2,2
165,-37.81740829879182,144.96303890768635,0.8222108810680027,1.1563110884691807,2,2
166,-37.81392989680659,144.97073298576538,0.11358233634241681,1.0779212249774766,1,1
167,-37.82086812931496,144.95555032666618,3.203510714833228,5.259626697069741,1,1
168,-37.80999102836297,144.96868670835838,2.239224856931514,0.8446570235304882,2,1
169,-37.816175209898184,144.9702217596025,4.987171086953557,8.885342327065104,3,2
170,-37.815888881294185,144.96613295327302,5.3492864411472105,1.3113511915215168,2,1
171,-37.814,144.9633,5.098711393475888,0.5335765780492686,2,2
172,-37.807977922331226,144.97052523609085,0.2698251847296496,6.587447572921956,1,1
173,-37.813249891891644,144.97286585986947,3.207135303894187,0.920630413859447,2,1
174,-37.811522966137254,144.96916469671385,0.23610310076643934,0.7841796676964014,2,2
175,-37.812936826505855,144.95462859041768,1.0042384051698205,0.8261002322037037,3,2
176,-37.8108092045288,144.96366434986038,0.9933272117649896,8.965036407670237,3,2
177,-37.81597966504343,144.95458910631731,5.72111830347164,0.7055498096207947,1,1
178,-37.81679909803263,144.9690128560551,2.757777913436955,6.262659341436516,1,1
179,-37.814150941641934,144.9596517803211,1.6418833787919374,3.628723395384226,2,2
180,-37.8088473824563,144.96983923413396,1.228734586391896,1.0659292663546052,2,2
181,-37.81470060444054,144.95744591790975,2.953107824774783,1.085364260314393,2,2
182,-37.81500069482847,144.97297249191442,2.218269170016398,6.996628317873681,1,1
183,-37.81067099811649,144.97245433706684,2.1057711869533193,10.139603629276671,2,1
184,-37.81558933414912,144.97249722942502,2.4283302780962233,0.5724009126698076,1,1
185,-37.81620834722626,144.95768155816324,4.985521884842449,0.7638742076419949,3,2
186,-37.81637675944315,144.9611403244596,5.178625667453381,7.7381394831814445,2,2
187,-37.81747194469615,144.96542384210258,1.6251028773333285,0.5883117075451894,2,2
188,-37.81351542490073,144.95850892360627,5.233444089899561,0.7022324526527636,1,1
189,-37.81281516359398,144.96331152278583,0.7728871556766284,0.8311227397094474,2,1
190,-37.81441079853313,144.95425332442431,0.47723936801603134,7.567985255602751,1,1
191,-37.819225798086144,144.95852856892566,4.953298323852647,1.327618805865833,1,1
192,-37.81367382272646,144.9636603327818,2.66561707001916,1.3307395462257952,2,2
193,-37.820320321205756,144.95742279463332,4.571930061022027,0.8562081045835485,2,2
194,-37.815348933774686,144.96319345991606,0.37110200000844706,1.105296546513371,3,1
195,-37.80987298016184,144.9722032978676,3.5927265977459673,0.6489386037156779,2,2
196,-37.8181,144.957,2.942730329259011,0.6282041787142449,3,1
197,-37.816919340056906,144.96002574341136,5.985558444011055,7.441246813156275,2,2
198,-37.813693861788025,144.96381903705827,1.6149853249725798,1.1778817259559013,2,1
199,-37.817252988969656,144.961354951205,3.1047369803388913,7.640746037488138,3,2
200,-37.81202543434493,144.9610532461181,5.4404990010982415,1.035295838342658,2,2
201,-37.8140445311807,144.95218816203283,3.0655369989569445,0.4507780760724255,3,2
202,-37.81395067117719,144.9584247528281,5.669514752016699,1.2502192097923752,3,2
203,-37.814622775715655,144.95779050904582,0.3588581563995126,1.2700871496815869,2,2
204,-37.81681527591921,144.96842798058046,2.607036418217505,9.734607841193483,2,1
205,-37.81308680010943,144.9590438359933,1.2950728794028892,0.885849333859883,1,1
206,-37.81135387114565,144.97242283548815,5.501449298881384,1.1072675514823835,3,2
207,-37.814368779858434,144.95190332468118,0.7437668969834065,1.0279241839622542,3,2
208,-37.81588526229584,144.97234741740968,1.9865070252604227,0.6849502208211604,1,1
209,-37.81399579082262,144.95672280410818,4.071078667466725,0.5042452357504048,3,3
210,-37.8137838282025,144.97012582258458,4.121864199991042,0.8248711891725996,1,1
211,-37.81640765115112,144.96934179568277,1.9614608532587028,6.77363824986741,1,1
212,-37.80903591118736,144.97096349788112,0.7146298388098837,0.9516939544123143,3,1
213,-37.81587887381047,144.96824978237768,2.947944051660893,0.8929083361078656,1,1
214,-37.810701103146144,144.9620061157795,1.275725965700492,0.775041557347469,2,2
215,-37.8149570166541,144.9638209683039,2.3847626373224284,0.515176129282263,1,1
216,-37.81538688572692,144.96632766646613,4.013288153203687,1.1596524896367013,2,2
217,-37.81805926203421,144.96231452122484,5.665755106413749,0.8061865459391642,2,1
218,-37.81350560090336,144.97246818224855,5.066119000418448,0.8467648198830705,2,2
219,-37.81125344568309,144.96832191225204,3.4581004791550605,4.36235243812838,2,1
220,-37.81605822261824,144.95719004982863,5.943952212752327,1.022155835349478,2,1
221,-37.81395306608837,144.95512352197682,3.0296464248187815,5.0311025152818445,2,1
222,-37.82033054642563,144.95531189056916,1.6728971731728628,1.1732884562659616,3,2
223,-37.819112254466006,144.95554174294278,2.9408051784038802,3.141817305592292,2,1
224,-37.82048325674531,144.9571244563905,3.074177335543297,0.458096046107619,1,1
225,-37.814364399709284,144.9592733933047,4.1675171459579925,1.2436750165424701,2,1
226,-37.81357240102568,144.95539832128114,1.291510569063528,0.9815008708636812,3,1
227,-37.810993747941936,144.9650449456427,1.0941969456674956,0.7565244473142718,2,1
228,-37.80939171385729,144.9692115579155,3.947019234848792,1.3142597508703342,2,1
229,-37.81885505760089,144.95431186697402,5.563612553660483,0.9191565924140211,2,2
230,-37.81460717959929,144.97306107434378,4.130213398349337,0.776426068975623,1,1
231,-37.81811513374654,144.9539862226096,2.921445798383272,0.6799385374844789,1,1
232,-37.812964561543396,144.9618324966426,2.0612713787834194,10.028509409578604,2,2
233,-37.81309855117671,144.95385249325858,0.2119282632370301,0.6275657738107714,3,1
234,-37.81743752777311,144.95917455561002,3.8855389711188613,1.0852632312502535,1,1
235,-37.81254478846535,144.9710347545583,5.253135593347493,7.634081662108948,2,2
236,-37.81311802279049,144.96780827353902,4.858819550550919,0.6337305760723025,3,2
237,-37.81165698036322,144.95806308315997,2.1061130630833356,4.959200555149254,2,2
238,-37.82036253155759,144.95495966529256,0.8579475481536066,6.395660710415491,1,1
239,-37.81552347333385,144.97291421465476,1.6852197155939839,1.3018831383413214,2,1
240,-37.813108010183846,144.9668725130379,0.14180114729878202,0.48968066276009087,1,1
241,-37.813334528569825,144.96148747364754,2.6713689744726636,4.846447625280534,1,1
242,-37.81366436143259,144.96719687379618,3.5673372604245457,0.8346507014569298,2,2
243,-37.81549186261276,144.95589171729645,3.0696816792576356,1.1553777126032982,2,2
244,-37.81958753397625,144.95545771401726,0.7753972671829847,1.165723016546869,2,1
245,-37.81421616481757,144.97143485009616,4.12665107656103,0.47211760882835896,1,1
246,-37.816729397601634,144.96758417627018,0.41616697662640567,3.006724303220303,1,1
247,-37.817166913033894,144.96213506519368,2.9965111413875967,0.9913819100508202,1,1
248,-37.8112536731396,144.96016712778803,0.8626225277160439,0.5638052588239812,1,1
249,-37.810989889014394,144.97132925894778,4.636380805879867,1.2369722795425007,2,2
250,-37.81515032149614,144.95376464726704,4.101783941739187,9.121384017600345,1,1
251,-37.80948572388596,144.96543817806622,0.00046364429055169694,0.5930007848985736,3,3
252,-37.80908850606475,144.96729057150895,2.9610667453119115,1.1754370439683535,3,3
253,-37.811617725768436,144.95943052357612,4.322921036140031,0.6629018645433166,2,2
254,-37.81159317729401,144.97068444862376,2.531121381260363,0.8095156881039215,1,1
255,-37.8140790615496,144.96410021977414,4.40148209010009,1.3250458208409117,2,1
256,-37.816008945272,144.96522403636573,4.2648863176374405,1.2557420728199409,3,2
257,-37.818549953349326,144.95542426192551,2.935435633117025,1.3259147520692005,1,1
258,-37.81250158507618,144.96085950111325,3.4040409236558054,1.2601379742986651,2,1
259,-37.81332842453206,144.96418150694245,2.3248466983778733,10.713938035715005,2,1
260,-37.8161718629816,144.96076278969983,3.0726203731674393,0.8764624740387714,2,1
261,-37.81330025622915,144.96238331637264,0.12272553696996098,0.8017003973670243,3,1
262,-37.81248439084029,144.97235958734655,4.308317745826136,10.230817257313092,1,1
263,-37.81413238602805,144.97153041340994,5.818280139288911,0.7444743311527506,2,1
264,-37.81387859707973,144.9677136216279,5.3328840482818975,1.2848036987531233,2,1
265,-37.8136,144.963,4.0764412027799,0.6812940202090895,2,2
266,-37.81706512524726,144.9642505967563,2.674098509528621,0.9425432562385897,1,1
267,-37.81341638391622,144.95739644271146,3.879273733215954,1.0095744761914682,2,1
268,-37.81490346928965,144.9718582780807,0.33793298071425826,1.1532743077614716,2,2
269,-37.812757611801594,144.96317427841862,4.412935085171056,0.7222698228010838,3,2
270,-37.816507368258684,144.95504539906932,0.29700953383375023,0.5387883418857498,3,1
271,-37.81345699161815,144.9636202688056,3.3072082984107016,0.9123229754189024,2,1
272,-37.81299475723564,144.96111001014617,5.301585655521062,10.053456196225817,2,2
273,-37.81354846022553,144.9663221682334,1.0176970283659383,1.0526132998945146,2,2
274,-37.819043550659245,144.96135115491006,4.282937591750639,0.8277936749638227,2,2
275,-37.815197847093,144.9715756100024,2.239744969958461,0.9465101695006045,2,1
276,-37.81111312687821,144.95953632876478,0.8417577143508493,6.587867159330678,3,2
277,-37.811509914173435,144.971616783251,2.510120093810779,0.9917773668993679,2,1
278,-37.81429793381097,144.96719396365285,2.2524897268674486,5.197158161205607,3,2
279,-37.80918137563005,144.9703882218582,1.405147920335959,0.9407715598093411,2,1
280,-37.815647207245114,144.95304630991598,0.7209032578350241,6.771261817509886,1,1
281,-37.80929405808627,144.97208158554443,4.1904024852543325,0.6838700301036178,2,1
282,-37.8148,144.963,0.16466193088944034,0.7504705491541959,3,3
283,-37.81458456036517,144.97101346018852,2.8882513342165756,0.6354128391429739,2,1
284,-37.815045693378494,144.96848179612758,4.529854045441854,0.6200986356845573,3,2
285,-37.81250107395753,144.95952145133674,2.5080157902815623,1.3331176006583227,2,2
286,-37.81739518497397,144.95755494938598,0.7108413617931055,1.0142667100333322,1,1
287,-37.81053278015367,144.96584406930012,1.815954686864788,6.842245763317584,2,1
288,-37.81682244787253,144.9628555842814,4.16660445978705,0.7691999752789638,1,1
289,-37.80946048660135,144.97066669354274,1.231076557723485,0.7249592272132948,1,1
290,-37.81246271376807,144.95411602388737,0.4953181855001932,1.1185710437144416,2,1
291,-37.81039010779824,144.96912659759698,0.1220501921765998,0.5017647220262366,1,1
292,-37.811155285473816,144.9594773851559,1.4956772301795898,1.0552054479128299,2,1
293,-37.817002899735606,144.95397769118378,6.034405219040576,0.45757143015077534,2,2
294,-37.81140563599117,144.96056701692447,4.328071078453354,1.2875806417362066,2,2
295,-37.811037095699156,144.96618431126538,2.1736355442857156,1.1120044685088102,2,1
296,-37.8172,144.965,3.4967727784080505,0.7827195760960772,3,3
297,-37.81472025681647,144.9628137390095,3.7928453535419155,0.9012839139035089,2,1
298,-37.81777126270174,144.9583926875951,4.942432971208948,0.45703009668302447,2,1
299,-37.80969500622341,144.96474396682822,5.988776799089956,7.980165486089973,1,1
300,-37.81363470774423,144.9542493037542,5.107073961471375,0.6827683203843642,3,1
301,-37.81671649862597,144.96986105697647,5.9763224824106995,0.9929893669130966,2,1
302,-37.81393126997627,144.9579709572205,3.5307582127629296,3.481691154223136,2,1
303,-37.814308870031134,144.95376126249184,0.9238965012488279,3.763736776836799,2,1
304,-37.810680877570476,144.9719608334238,2.552935424597895,0.8169106519402827,3,3
305,-37.81148284631501,144.96693851143237,4.458743146893865,1.1573735451250302,2,2
306,-37.816685871056286,144.96685930839757,0.12574088064468233,1.0200555597635992,2,2
307,-37.81363317037068,144.97324302701998,0.20799852853104192,0.7576329234462034,3,2
308,-37.81663989957632,144.95555601541955,4.4561773339395385,7.191954549535324,2,1
309,-37.8136,144.972,0.08078969508128005,3.934949477950166,2,1
310,-37.814358651312325,144.972322971338,1.7846160132960343,1.172929194317624,2,1
311,-37.81686792573558,144.96504209542402,1.0021763941047372,0.6865533035516062,2,2
312,-37.81403128603793,144.95885530945853,1.6057434882303203,0.7458842308114311,3,2
313,-37.812715018881896,144.97309510282773,3.327684215429379,1.083350319099478,2,2
314,-37.81210602447936,144.96635325185213,2.113466017927746,0.44973765650435804,2,2
315,-37.815228540746226,144.96694042272028,6.218727321830194,0.5099637326671556,2,2
316,-37.812355174729575,144.96703474656186,0.6192943201662224,3.4789840845104814,1,1
317,-37.8161,144.95600000000005,5.444059666188842,4.803288260989719,2,1
318,-37.814650888721935,144.9725286932877,1.4592129350803509,0.574010751576512,2,2
319,-37.81153763771352,144.97014182151864,5.736011571400748,0.5426503155984803,3,2
320,-37.812188955687866,144.9586060464489,1.1243231357610615,1.0971915121328384,1,1
321,-37.81319429154357,144.9608169849454,1.276775802608825,10.618068775070316,1,1
322,-37.80956307804964,144.9701872566196,0.5424359889774116,0.6525703816576527,2,2
323,-37.81463871708251,144.96712122203982,2.938614000739956,5.089198669793486,2,1
324,-37.815874982591744,144.96494304198856,1.185844888103018,0.49448070902625213,1,1
325,-37.8187,144.958,2.1517006274736628,0.5439878696688254,3,3
326,-37.81771230389406,144.9544943809818,2.6071829801325337,0.4977280393070618,3,1
327,-37.81361663402182,144.97404000427915,5.191871163176113,0.6225465479726641,2,1
328,-37.813423357748405,144.96568709258509,0.08405318841444592,9.649352527967778,2,2
329,-37.81332899237317,144.96272042298452,4.813470488138584,0.5200538315162179,2,1
330,-37.814523869533545,144.95927688356315,4.173891617063868,1.2556670861699222,2,2
331,-37.819085773533786,144.95716059627378,5.834946800607008,0.6334322887381922,1,1
332,-37.816627183068476,144.95446054116422,0.19444264683097068,1.3411037245168624,2,1
333,-37.81554560488038,144.95382220631814,3.866688035704706,0.5811348433178132,1,1
334,-37.81142622156261,144.96437461805743,2.9322996405390547,0.8704216773024303,1,1
335,-37.819675174254115,144.95538739749452,3.2949399765467047,0.46226178151859737,1,1
336,-37.81624798485159,144.97144337680226,2.539888623747062,10.3143940029107,3,1
337,-37.819999536377786,144.95704762971002,0.9068877504162273,0.6224272989949065,1,1
338,-37.811245509245474,144.969658605077,3.453104107712494,1.1331832805830921,2,1
339,-37.81537917297723,144.96327924982438,3.596398735122744,0.9277105084590301,3,3
340,-37.81403222051756,144.96109515968246,2.2274745122061965,0.8748066018936764,3,2
341,-37.811827857681884,144.9665418956616,4.6104642244853595,5.773310474526841,2,2
342,-37.81502626795624,144.96554404657826,3.0847030713633115,0.9602769053950844,3,2
343,-37.80969355044726,144.97150026550153,4.0492310491117545,0.7601452070134259,2,1
344,-37.81090539008428,144.9676384033786,4.483603530121973,1.0052386759348533,3,3
345,-37.812033468826826,144.97056643124938,3.848722686624014,0.9740392862920124,1,1
346,-37.817374309983116,144.96123385167166,2.327277093172896,0.7754059719428963,2,2
347,-37.81363596764142,144.95977476605472,1.0325511237214615,1.2475032075259804,3,2
348,-37.81689840905172,144.95945221431143,4.65211392397145,1.1593867246483047,3,1
349,-37.81871021431237,144.95633943630958,5.869636120531884,0.9331777128659814,3,2
350,-37.81444018951733,144.97406759042968,1.3627151023335242,1.0892268690452005,2,1
351,-37.817668662533634,144.96541835256724,1.8437919313247801,0.5289661096507062,3,2
352,-37.81904364938929,144.95699088648053,0.9807674230320362,0.9474691006271542,2,2
353,-37.81346430154608,144.97056333029414,1.9278575298807914,0.6060140767774973,2,1
354,-37.81474875975565,144.95736746180583,6.201658956635254,0.8385199462000026,2,2
355,-37.8126,144.955,3.8209036032501014,0.9714761660808343,1,1
356,-37.81326782045205,144.97056005477685,1.1307420481063455,0.9070945430680117,3,3
357,-37.81286266469903,144.95923165066816,4.4267306887428655,1.099873308391572,3,1
358,-37.81436666954353,144.95433524289314,2.70302316807571,1.107507692451426,2,2
359,-37.81838999945512,144.96343683173225,4.172847578160475,1.1730586733393484,2,2
360,-37.810993051579025,144.96344383174562,1.1695673763351486,8.472821340998722,3,3
361,-37.80947669330586,144.96909679546775,1.6641254339555958,0.6857236865698481,1,1
362,-37.811436202393935,144.96749790898124,0.317231572092518,0.5507747469563371,2,1
363,-37.811159137967735,144.9590079756037,5.948811010096967,0.8868446827894636,2,2
364,-37.8149,144.963,5.071472629021406,1.1326839795576034,3,2
365,-37.811947933952595,144.96553021352918,6.166884384820517,0.5879856735684083,1,1
366,-37.80798939277421,144.97029533976905,1.9980959390202568,0.5322345847754149,2,2
367,-37.816408035032524,144.9550315563387,3.4668035461126983,0.90572284221136,3,2
368,-37.81367134309769,144.95392005828106,4.331213133750068,1.306418250603031,1,1
369,-37.81840545189129,144.95672077457525,0.8609340749567006,5.3429980380794255,1,1
370,-37.81319674534847,144.9526630555369,0.30567466567737395,1.3059992355746761,1,1
371,-37.82005518174152,144.95739259582032,2.3060358530153926,1.1803220356899826,1,1
372,-37.81823227894504,144.95618361546394,2.1774589461397085,1.0053109995946923,2,1
373,-37.81017239490715,144.97003128180398,2.6561158115653347,1.1017746309103709,2,1
374,-37.810697904588906,144.96773308470537,3.7708330234253764,0.8491957210704233,1,1
375,-37.81898735199725,144.957557067021,5.907265994028637,1.1914679980445038,1,1
376,-37.817146349983595,144.96814695361246,3.7695480949999833,8.430336927384314,3,2
377,-37.81351306113536,144.9550279787232,2.2008609733390276,9.69360658394887,3,3
378,-37.81338463800359,144.96899794275686,5.0269352950644475,0.7906139038693427,2,1
379,-37.81479519139466,144.95761999575495,0.14329061786022387,0.8119853918962133,2,2
380,-37.81035489079922,144.96300546007518,5.929647430910184,2.720369376992589,3,2
381,-37.81778505215886,144.96235285345037,3.969158285716515,0.5131187978449753,3,2
382,-37.808988942486074,144.97029311790178,6.239558827709473,1.3385628980199882,2,1
383,-37.81280482271244,144.96261771790097,3.5801372711263695,8.341121507383079,3,3
384,-37.8103537517504,144.96890727549592,4.650994829752548,0.9667029385994361,1,1
385,-37.81220325944471,144.95751150082506,3.4406992099630136,8.695090343311925,2,1
386,-37.811877595972646,144.97080476429468,0.16332292411083824,0.9614453204424264,2,1
387,-37.814903720291454,144.96060251336746,4.250357738456859,0.669106830070618,2,2
388,-37.816928107116986,144.96748968979122,5.363541895269298,1.174274176660203,2,2
389,-37.81499492940913,144.95226175446786,4.50263040660327,0.6180614948712857,1,1
390,-37.814377501112226,144.9679586456869,4.736104260117189,5.7540892739925855,1,1
391,-37.80793707332588,144.97152655002466,3.7323893541277102,1.0528208971056228,3,2
392,-37.81365287251826,144.9584602037209,5.200318945326502,0.9317651783173455,2,2
393,-37.81590442062161,144.96619718486318,4.414140022972179,0.7612829111870784,2,1
394,-37.8146799703293,144.95680744948774,5.817503276301413,0.714931656241595,2,2
395,-37.81137595014004,144.96946706213757,5.700226709128727,0.6599471480870001,2,2
396,-37.8166,144.96200000000005,5.795422820281873,0.6733183310374431,2,1
397,-37.813109238994656,144.96960626249822,6.119004143085793,0.6897287293674103,1,1
398,-37.81694383621704,144.9570978143937,3.4618723005812724,1.2274049327549164,3,1
399,-37.81175062287311,144.96875117362066,5.531111565709501,0.949545376134584,2,1
400,-37.81197645039385,144.96519071947583,2.9376912847027747,1.0933831505580796,3,2
401,-37.813136864242686,144.9681603584378,0.9349014515674412,1.0531838493097103,1,1
402,-37.81499829015065,144.96389967047145,0.5716161854856044,0.5449272415072646,3,2
403,-37.81483677549496,144.96758313217276,2.045255319806661,1.1334372723280235,2,2
404,-37.812328875025415,144.95968607182542,3.9704664234654166,0.6287316459929728,1,1
405,-37.8123653734869,144.96172734884834,1.5079018554398558,9.17542262899056,1,1
406,-37.814390864315975,144.96174393215531,5.061951233917567,0.7486932278130404,1,1
407,-37.81786608493969,144.96282016138147,5.914727525532486,0.6458249746114604,3,1
408,-37.81682549964185,144.9668902497267,1.1597308559662987,3.2760085772491716,2,2
409,-37.81755340346539,144.95758454228158,3.2744115053250638,0.7131125023756335,1,1
410,-37.81193592435787,144.96674020803087,5.152092046158171,0.48049614967550347,2,1
411,-37.81624213811117,144.96540782622122,3.6440373860816795,1.2065180384743588,1,1
412,-37.816720537162674,144.95985594049446,3.990516756677884,0.5160878379913494,3,1
413,-37.815467159606726,144.9631917836395,1.0184792844154822,0.9410821237935683,3,2
414,-37.816869298429694,144.95387849361575,4.841358639627966,0.9537408986916082,3,2
415,-37.815526010250295,144.96044037029492,5.817475698632512,1.1943016621440428,1,1
416,-37.81463552784026,144.96716436936654,0.009282653808406888,0.874497067303661,2,2
417,-37.81560146534622,144.9727537396442,0.21525190584407192,1.0713730403219435,2,2
418,-37.815,144.963,2.02992663326843,5.561485119889364,2,2
419,-37.82029345458736,144.95536630319262,1.9141540429605113,0.7778632817034199,2,1
420,-37.8141276619438,144.96674476268282,2.4448637164834697,3.8787929047904535,3,3
421,-37.81954950728245,144.95965061005947,4.994206758397564,1.1416831476921578,2,1
422,-37.81774628251669,144.95466600783288,3.2040163985755186,0.9034539923196716,1,1
423,-37.80955315650921,144.96394967073687,3.980820757356632,0.9196901024901901,2,1
424,-37.81791602782293,144.9556812893791,0.8413378558783248,0.8822403442149933,2,1
425,-37.80968099725239,144.96490080657674,0.6721921778688275,1.0629049008836482,3,2
426,-37.808808569622975,144.96952909312895,4.290772832286571,10.513229730925147,1,1
427,-37.81181686073555,144.96595769104763,1.5252834830953226,1.118764168500014,3,2
428,-37.81348881716523,144.95566117522785,4.963690782651341,6.979658104795501,2,2
429,-37.8166,144.96,2.779709971866076,0.7630667681364713,1,1
430,-37.8145467629932,144.96993607456483,3.1910999799410757,1.2400785270643522,2,1
431,-37.8152864302384,144.9641341370741,2.979316742114275,3.6492285021501445,3,2
432,-37.81825091272616,144.96399518136556,6.218397392169033,0.7774534038580869,2,1
433,-37.813060365755895,144.96324012470262,3.6989320102860535,10.231368496874095,2,2
434,-37.810257962587,144.9667998721689,0.03640873611027576,0.6055714507082124,1,1
435,-37.81890090053953,144.9586280001468,2.9204103986379195,1.037777511901052,3,2
436,-37.809938040321185,144.97135904336702,3.7036454857947363,0.8319338489186188,2,2
437,-37.81252091507755,144.96702535984042,5.953592326626576,0.8798849695880966,1,1
438,-37.81651767079479,144.9578494586255,0.04753639742001809,0.640733391404424,3,3
439,-37.816829100555175,144.95317971841405,5.390145772027394,1.196039656234421,1,1
440,-37.8107,144.97,4.738520915164038,0.5843892886002006,3,3
441,-37.819087585345066,144.96100206656638,1.5678271596468047,1.1894774757959605,2,1
442,-37.80980568608715,144.9646640751595,2.759209691731069,0.8624314404088171,2,2
443,-37.814824196296975,144.95909217106782,2.231525720489763,1.1115360526868594,1,1
444,-37.81409721064474,144.9533535361442,3.952659872883975,6.923986309519481,3,3
445,-37.813977266529456,144.97171840011538,5.299193731336695,0.897806364449827,1,1
446,-37.81109897650135,144.97178308558796,1.3091798135924055,2.7850755635880176,3,1
447,-37.8084815855452,144.96922329951929,5.867098405541327,3.6991735232085325,3,3
448,-37.814213149684505,144.97255480492953,0.3122645111506057,0.8056645569052123,3,2
449,-37.812220698104525,144.96437370965913,1.6269188345849261,1.1639945458854437,3,3
450,-37.816280394970505,144.96378871701515,3.8722506573567355,0.8882562061147421,3,2
451,-37.812165374913654,144.9688987475906,3.261151492913743,0.5872002128791226,1,1
452,-37.8116856143387,144.9580144774491,3.529534912413459,10.069207070677336,1,1
453,-37.813205477789104,144.96427456889464,5.818031573353453,0.9450992016086688,2,1
454,-37.81314629005714,144.95749615078432,1.687572177879838,0.6412359633952407,2,2
455,-37.809024008531594,144.96557468220874,2.230188833759226,0.7283802399098804,2,1
456,-37.81412537643972,144.96729400585616,3.7326541904897668,1.1747582767248157,2,2
457,-37.81436393482478,144.95750921965066,1.8055788870220328,1.2941835270224478,2,1
458,-37.81630682011103,144.95641119221884,4.400311953244309,0.51995573117681,2,2
459,-37.81029804266297,144.96133223367696,5.148331992246811,6.309230832437956,3,1
460,-37.81480448771636,144.96882185863757,2.663610368546052,0.5245459120320208,2,1
461,-37.809902127470686,144.96810099303875,5.154858808758234,0.7888621141793655,3,2
462,-37.811,144.96200000000005,6.112083764172664,3.9537897305786234,2,2
463,-37.81406625076277,144.96573923578725,2.961117784726145,1.0963353410363224,1,1
464,-37.81996347783519,144.95744560512327,1.1739537036919458,4.508660719894567,3,2
465,-37.810334571370454,144.9649190944476,6.015811262798363,0.7357996710028234,2,1
466,-37.812586342220406,144.97346780303567,1.7151585095324886,1.2209714833916516,2,2
467,-37.811979331968544,144.9590621811083,5.492652276706067,0.7543928875672092,2,1
468,-37.81525768326817,144.96328673055496,4.404411916322197,1.3238009123947723,2,2
469,-37.81539865932735,144.953010947951,3.2310691902978443,6.779975523524336,2,1
470,-37.820176912652904,144.95740484462132,3.776653614461292,0.6324818814412797,3,3
471,-37.81837543081267,144.95994453000944,1.321599222607464,1.0939139012272205,2,1
472,-37.81638633423117,144.95557065081428,4.988945002058425,0.8589930219261585,2,2
473,-37.81326545858944,144.95816658874074,4.1323140002823875,0.6758255188003992,1,1
474,-37.813757057255394,144.9621418757979,3.729393591960079,0.7972301529911345,1,1
475,-37.812591434783386,144.95635642577284,2.9716183620771037,0.4640860471454974,2,2
476,-37.81485342424815,144.96824700064727,0.41460917933838337,0.8125199510926472,3,2
477,-37.81274762373653,144.96714644136668,5.075356475015858,3.637863409523552,2,2
478,-37.808252799065606,144.97068544409848,0.9090096243766875,1.1658556032544145,3,3
479,-37.81674483043149,144.96765295707584,4.3293471387401565,0.6636798938342572,2,1
480,-37.8159,144.965,5.29942052451034,6.283094589960042,1,1
481,-37.81327323101555,144.96186725576834,1.375542496908031,0.8884614433637996,3,2
482,-37.81675310107124,144.95961682936718,3.7448796325894786,1.1158591260397204,2,1
483,-37.81169825504853,144.95957490407508,1.535156257563366,0.4628178449789576,1,1
484,-37.8160886507667,144.95539946949245,2.5857102906094878,1.1257727920139922,3,2
485,-37.814666742640135,144.97261173803332,6.043256384649454,0.8227340395919753,2,2
486,-37.8181,144.96200000000005,2.4532362438559607,3.7407492947896976,1,1
487,-37.81154075850383,144.96585673548242,0.9711930243161824,3.998588043404382,2,1
488,-37.81121627129232,144.96748859640425,6.271366653299531,5.610874286865691,1,1
489,-37.81522939946645,144.97417149642425,3.4336638552172833,1.3369829489080738,2,2
490,-37.813537191550495,144.9593473823198,1.8823268268085585,0.9146311267130416,2,2
491,-37.812080478431795,144.9609979136708,5.453849070857082,7.693566785870242,2,1
492,-37.812054365871305,144.9683478455454,5.412129073222307,0.44887407881757735,3,2
493,-37.81541757199296,144.95859541280873,4.9413542159526065,0.9847643161831134,1,1
494,-37.81293684232982,144.95557645445146,4.8823933205670835,10.604086374197998,1,1
495,-37.816631674813976,144.96223902575952,6.149722705494072,4.65907963583093,2,1
496,-37.814267110709494,144.97149202425325,1.4117405517427883,0.4929787673014299,2,1
497,-37.813518883697135,144.9633401392938,5.645010638925847,1.075780688586324,1,1
498,-37.811783019655955,144.96671147838475,5.985994698062942,9.633138578106003,2,1
499,-37.81458214424589,144.97345286977617,2.136648056857916,0.8722255612409148,3,3
500,-37.81135906989302,144.96053281803117,0.145010765136065,8.831556681874215,3,2
501,-37.81186848154263,144.96419403063,6.236271114621136,1.2279965689601149,2,2
502,-37.819105745355714,144.95619359323547,3.020940897323778,0.5462424019789267,2,1
503,-37.814672990243146,144.9530887225535,3.33272240498024,6.713107288546495,3,1
504,-37.81281411263915,144.95513259923962,0.5153451210550687,1.1837781007095836,3,1
505,-37.81973403694902,144.95592916173024,1.8173007337720066,0.6454448435102063,3,2
506,-37.81075890638503,144.9689206715875,3.4375757755405396,0.6277419838755574,2,2
507,-37.81443012946923,144.96195407391252,4.532551822052831,0.5938461846168581,2,2
508,-37.809593107581065,144.9647778804763,2.7343752729670276,0.5316713423352101,3,1
509,-37.81983154345132,144.95888774653054,0.3696350079732026,1.081680428252405,2,2
510,-37.81287649591968,144.9604625421083,5.5269968066261335,0.6860301928723817,1,1
511,-37.81182421039964,144.95841478540115,0.8480047938256198,0.5826094839494464,1,1
512,-37.813470922460596,144.95994777219792,3.5686104651708073,1.144681491982952,3,2
513,-37.81049658467465,144.96377558613932,1.4227353116346533,0.5213943177220438,2,1
514,-37.81334168439914,144.9616772556829,3.448402877549462,1.024045973061903,2,2
515,-37.81528664383564,144.96523828809867,5.7060657796431755,0.6187696373090594,3,2
516,-37.81645922599621,144.96297766229824,0.7420304506809124,0.8697394459724443,3,2
517,-37.816182919008504,144.97057592397968,5.121364594772969,0.7119578022724782,1,1
518,-37.817910779704846,144.95532225195794,3.1340926646165244,1.072031820809864,1,1
519,-37.81085155677668,144.96269452039758,4.954100384608017,7.40294755805136,2,1
520,-37.812382939078326,144.9574662554569,1.3512632659575494,1.3350892489139243,2,2
521,-37.81324916476577,144.96440186451383,2.197569542151206,0.8102839086807971,3,3
522,-37.812896309034635,144.95354480754014,1.582757650606298,1.0904910039517446,1,1
523,-37.812547511108754,144.96189324901582,3.2047497111269614,0.6597974926333926,1,1
524,-37.8136367706446,144.9582849049113,5.166199996909531,1.1581818577754444,1,1
525,-37.81728263882671,144.96713436323188,2.1381988122010855,1.0803325971166073,2,2
526,-37.81455721087361,144.9575960635098,4.3737732285202355,1.3088469308760506,2,2
527,-37.814399947105116,144.956555782736,4.308037142470022,1.2345976724100143,2,2
528,-37.814839022853924,144.9743251952827,5.490818137958502,0.8828587182611511,1,1
529,-37.81090134847583,144.97083829537684,1.8974476171052688,0.79999867983217,1,1
530,-37.81274588359618,144.96763026495995,0.964475013162974,0.6625979443943995,2,2
531,-37.811541985473816,144.96852529382062,5.868286909756365,0.6500777182587679,3,3
532,-37.8108422073716,144.97098678434833,4.235268122168602,1.2350907368934985,2,1
533,-37.81522495737337,144.96778878141038,4.17364445031935,0.6446248797927401,2,1
534,-37.82044882768721,144.95619496531287,3.565049930861004,6.880889277503979,3,3
535,-37.81642414463368,144.96917454138085,3.193294457758489,4.625931742376046,2,2
536,-37.815689967400104,144.97127138227708,5.819387749668732,0.6699693660278766,3,2
537,-37.81933036664703,144.95940052514382,3.680355868958807,1.0684692102169748,1,1
538,-37.81350487078126,144.96024834128988,2.338044457973955,0.5735028127336608,1,1
539,-37.817383942312226,144.96460424772948,3.3542296603092225,1.266097965653732,2,2
540,-37.81772555169032,144.96265402820097,4.579991090427062,0.4872153770593242,2,1
541,-37.81629003762981,144.96898179761274,1.2473035015188172,0.5381043110831663,3,2
542,-37.81417219147203,144.97047772648278,0.7902566210802906,5.485169315810943,2,2
543,-37.808855510847614,144.97061786780625,2.9915078113638645,1.2565334216004354,2,1
544,-37.81729305733036,144.95938149470518,6.157449271294803,2.7121898358002468,3,2
545,-37.813174244329616,144.96652507099031,1.9019037642677918,0.7961041283293757,2,1
546,-37.8190875322821,144.95953792119127,1.7772192447006248,0.4660410106859324,2,2
547,-37.81627170092491,144.95721069929147,0.9818234814663747,0.8360074013060419,2,2
548,-37.82010128995928,144.95804601668203,5.913592006935426,1.1516344448633076,2,1
549,-37.8168,144.966,3.9119537516742837,1.036174038196564,1,1
550,-37.8133143744886,144.95908722621655,5.660098336909831,3.991620746681643,1,1
551,-37.80798242449037,144.969873313486,2.84077681012978,0.6304649374305542,2,2
552,-37.8138390998007,144.95239010799997,5.385153895950159,1.226700077716931,1,1
553,-37.81232343117869,144.96608685995218,1.5247493170653341,0.9607139860530607,3,3
554,-37.81352847713086,144.97136973114934,4.35029830341841,0.9426626058602185,2,2
555,-37.816119523034594,144.953749279346,2.9334783941835783,0.7079389871793775,2,2
556,-37.81413109640881,144.96910635226857,2.901161679926884,0.7137748482105601,3,3
557,-37.81786587307664,144.95828003062599,5.520088604857287,1.124834924381903,2,2
558,-37.81435454061904,144.97205913513736,2.564479038868292,0.7245247375027133,1,1
559,-37.81199059159656,144.9681455162408,1.6931740959762316,1.211902720777379,2,2
560,-37.811556380196215,144.96826730898175,3.9107354018853213,0.4795361468111381,2,1
561,-37.81449007337355,144.97349045524442,2.328312058326505,0.9418962448329034,2,2
562,-37.80818508105042,144.96882979924314,2.1718385050099043,1.0712408613147786,2,2
563,-37.81202046123142,144.95725616283704,0.8870361115353165,1.2438398766917769,3,1
564,-37.816230410719946,144.9702187504409,5.997883913575914,0.5607811671810468,3,3
565,-37.81912295397755,144.95792254500049,2.0288261721484244,8.715184099565157,2,2
566,-37.80941253709154,144.9664855009303,2.9128693558244296,0.4680419485899127,3,3
567,-37.81537498261528,144.95896297325325,4.660488178115438,1.1116062494523427,2,1
568,-37.80951291204747,144.97079351296873,4.86013618626746,1.32295337323677,1,1
569,-37.8170281480469,144.9679017355881,1.2610060764405326,9.5100373657569,1,1
570,-37.81461648490758,144.95488713563842,3.314171188193091,4.560171562430076,2,2
571,-37.80982733496957,144.9636740879879,0.8526057738902562,0.9465494169747196,2,2
572,-37.812712337869115,144.96589706378487,0.7819215728924673,6.661130324642192,3,2
573,-37.815287107118756,144.9685951525695,4.452416038487684,0.6841130517922325,2,1
574,-37.81691734146069,144.96779004853946,4.3245802437505745,7.53561797837056,2,2
575,-37.8137406288056,144.971231234768,0.3289784810950054,0.7606623446271434,1,1
576,-37.80874787817812,144.96760240861346,4.481537106243667,0.7049013875232473,1,1
577,-37.81088775669303,144.97244072832032,0.8420366048408116,1.2983939279250714,2,2
578,-37.81311742857665,144.9620956042911,3.503921405761987,0.6632696101290296,1,1
579,-37.81285578617933,144.96892994290334,2.3266988572901526,0.451153475994247,1,1
580,-37.81895932547799,144.96191279437608,2.196007354428209,1.2368663456525488,2,2
581,-37.81444765166,144.9698160443748,1.7466379241622787,0.4904739355292065,1,1
582,-37.8184,144.957,3.2506395975390885,6.672849109954183,2,2
583,-37.81784483668352,144.96030664873885,4.750601480552557,0.5441208066505479,2,2
584,-37.81483451258078,144.9662333365522,4.9706100913146924,0.6972072482795104,1,1
585,-37.81574320441971,144.97117440702317,3.0676145156250847,5.607720533623636,1,1
586,-37.81257377737667,144.96331575421482,1.5965195735094464,1.0224769219827117,3,3
587,-37.810191740475844,144.96780129489883,4.568373546316378,1.1076978239798323,2,2
588,-37.813791861950115,144.95293284289855,4.278694557532142,2.834937668474618,1,1
589,-37.816153437591225,144.95860130850716,4.705294359613805,4.984953342734716,2,2
590,-37.812739721752756,144.952882226261,3.373139718563453,1.0369252976177734,3,1
591,-37.81181109495874,144.96230009051928,2.866934740526694,0.8204971006416064,1,1
592,-37.81353176062162,144.96720817780312,4.68894126338271,0.7755156554256997,2,2
593,-37.81355538862,144.9700840614797,3.095121740716065,6.697800109730673,2,1
594,-37.81687663407243,144.96127436541198,6.004624787369638,0.9468631417573905,2,2
595,-37.81114228007089,144.9593455985771,2.094544071405059,0.9483139022858352,2,2
596,-37.81621670046701,144.95815561712843,0.45780864071505695,1.0678456003689523,2,2
597,-37.812547812629816,144.95426365588656,2.4886595581916606,0.5981979537713614,2,1
598,-37.8133,144.971,1.7048718881395006,0.7571001811307667,2,1
599,-37.81171275190575,144.96281264417752,1.033403309651048,0.704729002391657,2,1
600,-37.816561800088564,144.9562505388444,2.288163290759289,8.489601233711582,1,1
601,-37.81164451422185,144.9727080245814,0.131929738159769,0.6505059479953891,2,2
602,-37.814032668761,144.95717125059025,2.2100361454057325,0.9276379878602241,1,1
603,-37.81331375969952,144.9637916110779,2.8714740833700683,7.54349686206639,1,1
604,-37.818034906809714,144.96303681392754,1.6746242099694244,1.1031318017314011,2,2
605,-37.8152,144.964,3.7558730852500712,0.596267977032774,1,1
606,-37.814767569317134,144.97078396808882,4.466913123728045,0.46867885492842876,2,1
607,-37.81314286984162,144.9593894219386,4.363385115647549,1.2801916207269546,1,1
608,-37.8128806635262,144.97161843685066,5.846236674359528,0.8759418386049729,2,1
609,-37.814759545748686,144.95560851795048,4.351956741266979,0.5460438506915714,1,1
610,-37.81604212447837,144.9672633356673,5.998226530742835,1.1902905118419933,2,2
611,-37.81561862138442,144.96379608077206,2.81722990681833,10.262737914260345,2,2
612,-37.817652774625905,144.96424819036878,6.244718098647385,1.2726515415107538,2,1
613,-37.81385664407683,144.96620004765526,4.499846724964683,0.44736695820527883,2,1
614,-37.814191265090756,144.96557093027252,4.8542808996176205,1.2560368514346436,3,2
615,-37.81115640402745,144.96558085182414,5.51689692269385,0.45592892840325344,2,2
616,-37.811350712294285,144.9728868307254,0.5948277449145254,1.1122195101794303,2,2
617,-37.80838852843238,144.96963746172372,1.970200498913794,1.0396232821026627,2,2
618,-37.81404790267226,144.95480163168145,4.626265226795335,0.46873281776318804,1,1
619,-37.815904487659274,144.95706994380066,4.761893543389833,0.8324578334393535,1,1
620,-37.81440947461544,144.96348189138456,1.9578397499915263,4.965643007906225,1,1
621,-37.81135966988801,144.9694888683082,3.066583727371468,6.038854255697414,2,2
622,-37.816117940513436,144.96203707912088,0.8726995647712679,0.8233495275394013,2,2
623,-37.81149947242551,144.97247494463062,3.6465165933060995,1.2013687571128513,1,1
624,-37.81158277396241,144.96650987329926,4.818779697041209,1.0215400245252164,3,2
625,-37.81432131877399,144.95371036970647,2.6877144718727943,1.0115143351111442,2,2
626,-37.81127463888996,144.96522109585138,3.9526948143851017,0.6688396852084492,3,3
627,-37.810821288938705,144.96191451032024,0.5700289565770673,0.7448044708031583,3,3
628,-37.80865190365292,144.97022356706958,3.4890152373134438,0.5955219095115583,2,1
629,-37.8136805403737,144.96323751248406,0.08600170433237889,1.1420880499554167,1,1
630,-37.815012628974536,144.97355387905932,3.8439280775606965,1.1076524426369092,2,2
631,-37.81921259943624,144.95884368676252,2.4734104327600317,0.9593880612839124,2,2
632,-37.815479286375655,144.96803312309953,1.7222841514033758,1.1232460486416667,2,2
633,-37.810006595860074,144.97168136263022,3.4039689951098975,3.676343871011517,3,1
634,-37.811990100749405,144.9686460077253,2.058424369254556,10.641280339924675,3,2
635,-37.817222144260796,144.9577162950419,5.857009771414328,0.5783196707044269,1,1
636,-37.81577880925649,144.95310470650944,3.789373865986228,0.6651771445769044,3,2
637,-37.815867196207385,144.96238557366524,4.97716956170442,0.9869291377580878,2,2
638,-37.81791146880599,144.95461213257425,0.2516085864143779,0.8628628657073936,2,1
639,-37.8101,144.964,1.3462927438198935,0.5156720112488494,3,2
640,-37.81125272426926,144.97288538679481,3.0288473833483884,0.5066364057180445,1,1
641,-37.80944085590289,144.96579386177424,4.739853189835627,6.282753025322217,3,2
642,-37.81473955028226,144.9738390775808,2.5322358414023465,1.002835489149973,3,1
643,-37.81352446673052,144.96232809522058,3.7594925030212822,0.9038173411822152,2,2
644,-37.81694573173818,144.95374068899434,1.289236519109739,1.1560603293326248,1,1
645,-37.816215367896284,144.97055624568273,0.37559635418183984,6.778637259484122,3,2
646,-37.81544130238885,144.96956301760218,4.526119401390976,0.7665077121279587,2,1
647,-37.81914038383535,144.96171086458583,5.885670190005109,0.9812086496482744,3,1
648,-37.818780857534215,144.95482844412578,1.363397178496705,0.5420222043377827,1,1
649,-37.813849558801046,144.96601166055652,5.52280133982207,0.5341050428787979,2,1
650,-37.81724318033767,144.96662461478016,2.5348456956823684,1.0600623296117642,3,2
651,-37.81747656501025,144.9598783965905,3.5465057647247913,1.27448026532264,2,1
652,-37.815348866302315,144.9556453135798,3.1705608742612768,0.5496523400868464,2,2
653,-37.80783692839932,144.9696028232089,3.643872981435977,0.9471726603409725,2,2
654,-37.81129975121205,144.9670826186449,0.39577547039247185,6.035524689116686,1,1
655,-37.81886027870439,144.95793882754916,5.536265563688389,0.46228425615771646,3,2
656,-37.819977811655924,144.95816865146833,1.7849008003426476,1.2001566498218297,1,1
657,-37.81437107152811,144.95446002540044,0.7662092883347554,0.4625224481272559,2,1
658,-37.81428920364628,144.96653534491546,5.040539477687649,0.7360857890255752,3,2
659,-37.80881047016413,144.97172926264506,0.6889074588887497,0.6271498902619639,1,1
660,-37.814119263241786,144.95551701228388,4.454462572104363,0.5323220534699001,3,2
661,-37.815245561825755,144.963227094335,0.08416938533736851,0.9421845903299204,2,1
662,-37.81582459287094,144.96954716096525,6.24570772505816,0.5979377492603372,3,2
663,-37.81046607530189,144.96945594818243,6.226437662399125,1.201278894967692,1,1
664,-37.81481897136585,144.97016428488644,4.467209509661976,0.4617567337198504,2,1
665,-37.81311523368245,144.95781905443198,3.0517030309335245,0.4590505916089387,2,2
666,-37.810457684563275,144.9625295838502,3.895263925179212,1.1401385243905064,2,2
667,-37.81103245503518,144.9623523693049,5.062110233857615,1.1904623758768338,3,2
668,-37.81588320758718,144.9645825733778,3.1623314861350846,1.1114648948086563,2,2
669,-37.81421855006133,144.97360568751282,0.9248618874171111,0.6363136568081096,2,2
670,-37.81167653350828,144.9715325923741,5.976686722967408,0.5756615552332235,2,2
671,-37.81179911364542,144.9571406921944,0.8201662981576945,1.153773957527675,2,2
672,-37.81063787972385,144.96541787307268,1.5627915935452819,0.8582395468123882,3,2
673,-37.81440389502927,144.971109286962,1.0908910970197503,0.8162476069265325,2,1
674,-37.81428538480039,144.95184700385332,2.8828616204990696,0.6378483808760514,2,2
675,-37.81059298199641,144.96671898243974,4.768624253183242,3.0375060682001793,2,2
676,-37.81317272839795,144.9606584837663,3.2605352326962245,0.5422128659853728,2,1
677,-37.81400919522174,144.9580249332615,5.340417391598221,6.1424816716200095,2,1
678,-37.813447433752884,144.96346722524186,5.462980229382932,0.5660420244429575,2,2
679,-37.817451115521614,144.95887110657532,5.997653148768376,4.185916963601603,3,1
680,-37.81814244633334,144.95816393067767,1.1508157484797061,1.3241200345372355,2,2
681,-37.81323634683883,144.95354370119622,3.9733978335230025,0.5943372517608146,2,2
682,-37.80891341512736,144.97153959841842,0.11721205060196507,0.5943806400153839,1,1
683,-37.814819144442346,144.9620090285206,1.9855452090377095,0.7640763794460861,3,3
684,-37.81227447105579,144.9612947755408,3.7393637892408793,3.419201204375183,2,2
685,-37.8135,144.96,2.4326786559122247,1.2622249638227614,3,2
686,-37.811656904642966,144.97067595831854,4.3819776082424795,7.755491766472478,2,2
687,-37.81561692633396,144.97314675667062,0.5064217144336879,3.2004826765166268,2,1
688,-37.810438261080776,144.96885786203018,2.714732247412915,0.5645239179577832,3,1
689,-37.81021569642842,144.96680325908733,4.767825333797927,0.6556978736563429,3,3
690,-37.81550330299464,144.96047066702636,3.0737675485072278,6.2117138801387455,3,3
691,-37.819974518400024,144.95661252995916,1.9352540919247463,0.6226578301842228,1,1
692,-37.81258977770465,144.96814624634413,0.8692346841588662,1.0560757278028232,2,2
693,-37.816557163983504,144.9643427499644,1.092998108604542,0.5998826133855364,1,1
694,-37.8120817994585,144.96298939173099,0.912467422035197,1.1731343022986762,1,1
695,-37.813810763664506,144.95657678934913,2.3060695103557975,0.5646413105335975,1,1
696,-37.814890268432,144.97053680672104,4.819336873859074,3.258341042345794,2,2
697,-37.81618301251822,144.97085062032738,0.9676131372664113,8.956252678876922,3,1
698,-37.808106787638934,144.97074382018758,1.380525176027295,0.6188311463643572,3,2
699,-37.81483592770609,144.9584096028147,2.389170487057993,1.0398153060987685,2,2
700,-37.81461861220567,144.9734329573551,1.801324409736354,0.49168176302495914,1,1
701,-37.81463161542905,144.96413417361862,5.113678152570659,2.8974152548472207,3,2
702,-37.81681285338274,144.9573581197596,4.562478757060312,0.9976800774647087,2,1
703,-37.81085875696256,144.9644003255746,0.23041413191773302,4.491202685972115,1,1
704,-37.81108939575136,144.96876218316726,1.279482674363926,1.3345424009010185,2,2
705,-37.81740266593872,144.95978557459532,1.8797902044918364,0.7311270070080009,2,2
706,-37.812140762033074,144.97324690424108,3.49660096993384,6.012166777249819,3,2
707,-37.81630101872551,144.9708487314009,0.2885917432662233,0.8097248029472903,1,1
708,-37.81367468262452,144.95661080628724,0.7375072140523966,3.6100181625607535,2,2
709,-37.81611136051301,144.95479533137743,1.1819821318648132,0.7095301542212642,2,2
710,-37.81239480553816,144.97024724092674,5.403339395920489,0.5449202404364949,3,2
711,-37.81515731426092,144.95785621972334,2.0680841443763525,1.006215866228864,3,1
712,-37.81417300672182,144.95793774067474,0.8555330931638292,0.693919087795054,2,1
713,-37.81472201890932,144.95452128038045,4.45840362678466,0.9851550475075662,2,2
714,-37.81338034439775,144.96053722029413,1.4962757179553843,0.6690439666856166,1,1
715,-37.81336896440645,144.95174470517404,6.104936473459696,1.1268317326915818,3,2
716,-37.81154450291745,144.97148903097354,5.116445286153797,0.7283548197000506,2,1
717,-37.8184940866431,144.95855374685797,5.882976949951601,3.2802099135542373,1,1
718,-37.81531841063376,144.96186341876526,3.2451210943709277,10.484106465918519,3,2
719,-37.8142217635333,144.96258970020781,2.8157006354905776,6.839675528648552,1,1
720,-37.814478201979924,144.96960976200498,3.511956888340082,1.280144562877914,2,2
721,-37.81674918637884,144.9579560637969,1.547729882312993,0.8629760674000178,2,1
722,-37.8121,144.961,4.037536795041283,0.47647551841904745,1,1
723,-37.81027679372299,144.96639097656785,0.7562960605082228,0.7729876677181626,2,2
724,-37.808166472039574,144.97120633044213,3.485824052967099,0.5203124317036012,2,2
725,-37.81469469466104,144.95622672386392,2.5730319600016527,1.3043294164681116,2,2
726,-37.812497836176284,144.96519126511356,4.413818103103166,0.6436102654710047,1,1
727,-37.81667574823889,144.96949693879816,1.6913986120930766,1.193722954429897,2,1
728,-37.81425978185288,144.95363095028725,4.779467991049864,0.7733696190590433,2,1
729,-37.814186723943735,144.95967691836125,4.515721851265273,0.9982516048281157,1,1
730,-37.81357042277603,144.96675692650626,0.6218445134832121,0.9911043116214331,2,1
731,-37.81215489196026,144.97088963682538,0.12334545363399493,1.1976690332353068,2,1
732,-37.816301004626176,144.97058074893997,2.3420208074770543,9.863093475877776,2,2
733,-37.815010112539284,144.95234718600224,0.5735073360570169,1.2415063458120201,2,1
734,-37.809014317119214,144.9692535598909,3.484146707815051,0.4623254714555955,1,1
735,-37.81461122582694,144.96128670201054,6.003925642368664,1.0574961694171559,1,1
736,-37.81437502879732,144.97238280254513,3.618816713136455,0.9056859433261657,1,1
737,-37.816241627079066,144.96995202920704,3.6039099732340265,1.0616127975917595,1,1
738,-37.81127141883706,144.96871525235227,1.7479203853271676,0.5823500881172443,2,2
739,-37.81134247296628,144.96495831341412,0.7419548970578912,0.5590864467804939,1,1
740,-37.8204398548144,144.95500852833234,4.667011822465718,1.2581058721662135,3,1
741,-37.81266601668096,144.9538386536796,4.99037702166301,0.6162876151957402,2,2
742,-37.812716227290586,144.96291528723984,1.1908795645565808,0.7332644639194084,1,1
743,-37.81312715773686,144.95393454189434,1.2277505567852558,0.5073911326251861,3,3
744,-37.81504509801087,144.95263639085562,5.106512608644623,1.2816089841154035,1,1
745,-37.8096390583809,144.96812422481506,6.180465463062391,6.878294858133525,1,1
746,-37.815904623967576,144.95718619294487,3.4082240325995645,9.979017896919267,2,2
747,-37.81703852414898,144.96359047140552,5.9363681872720155,1.300892706259069,3,3
748,-37.8098786627274,144.96818436317068,4.311148210142557,1.1864002191289034,1,1
749,-37.81490263665382,144.96082448218357,1.9162735008670333,1.068962801734744,3,2
750,-37.816010874175255,144.9682555628351,5.699892808348168,0.5351571439524564,2,1
751,-37.815517955620656,144.96013801570803,3.0620483423565457,0.8437748445208214,2,1
752,-37.81921037056402,144.95934464954217,4.181507151310697,1.081903457926217,1,1
753,-37.81498903709112,144.97231237772448,4.161512809088488,0.6733509750304533,3,1
754,-37.811061919599155,144.95903404699138,0.7739989688348538,0.47011375861332527,2,1
755,-37.80786097689496,144.97146913038338,3.2359385760946857,9.674484707463087,2,1
756,-37.81766049715269,144.95494373697832,3.5785978194547763,1.1052604429907766,1,1
757,-37.81432292659345,144.9612490660424,3.9244243396271186,1.1828839532971787,3,2
758,-37.8120611658746,144.96556748310948,1.6123922839657128,1.111035832547141,3,2
759,-37.81271750210336,144.9638630792279,0.828832834914641,7.596815801526096,2,1
760,-37.811158005112375,144.95985288113403,2.718242572870909,0.9476925606487758,2,2
761,-37.81593405842933,144.9558664832069,3.668559864814696,0.8923699849697435,2,2
762,-37.8158,144.966,2.9013238070574574,0.45077588151979425,1,1
763,-37.81384928231356,144.95408618486852,4.156885271689083,1.2055413900906953,3,1
764,-37.81464079947871,144.96269651118226,3.116361975837709,0.714444539210595,2,2
765,-37.81547858104656,144.9671156946707,0.4318721695231306,9.164967502075317,1,1
766,-37.812438897185466,144.96346280181018,5.652765167313101,0.6334828712248999,1,1
767,-37.8140399457538,144.9606399137279,4.759364738564695,1.066189388051164,2,1
768,-37.81301959330935,144.96541402013167,2.867006592456656,0.8820951597287512,2,1
769,-37.81370195763928,144.96844806930676,0.28411163920367954,1.2752086839657766,1,1
770,-37.81632873061767,144.96259080444997,0.500168601158793,1.200323572057091,3,2
771,-37.81535134117291,144.95702925721034,0.44856816282727596,1.234233627301248,1,1
772,-37.8195879406845,144.95853557825617,2.6544819624821727,0.8476253298043422,1,1
773,-37.8196342567591,144.95612824400473,4.272249714430495,1.048791226995121,2,2
774,-37.8153456459133,144.9558502977816,5.164741403435088,5.451720617983611,3,2
775,-37.813770230347956,144.95254711810475,0.4998098787660367,3.5154115761268647,1,1
776,-37.80923502433308,144.9657178443968,0.5695306537813445,9.659210192841389,2,2
777,-37.819656861096185,144.95887997801702,1.3183350494366057,1.175348502740266,1,1
778,-37.815488569191324,144.96848714533436,0.026538513288624024,0.8328511830657255,2,2
779,-37.813543057476245,144.9623244684735,2.960833637252674,1.3014344582212254,3,2
780,-37.819004378186676,144.96167924728164,6.001306866856797,9.884792201457802,2,2
781,-37.808682132429645,144.9684406734835,5.214884996573637,1.1579878360063218,3,3
782,-37.813241163753,144.95980598306045,1.3765158263422228,0.5948738505660878,1,1
783,-37.812789841805774,144.9661797850664,3.2719859352684577,0.5556586399159801,3,3
784,-37.81364281813053,144.9661142022421,1.8974186267753923,1.30747026434182,2,2
785,-37.81311067650938,144.9713521654751,2.8566174982059223,0.964935799178253,2,2
786,-37.813042678322624,144.96471462075718,0.09873271788459384,6.993281593996149,3,3
787,-37.8124500924369,144.96348388014098,5.967760078182911,0.6306796209655483,2,2
788,-37.812290643778006,144.95879445501345,0.3351770713492985,0.6101915463421042,2,2
789,-37.810010466876285,144.96435359130575,0.6736037485124368,0.841443079772454,1,1
790,-37.817404770695745,144.95749898256287,0.2379030607938332,0.6968219363113397,2,2
791,-37.815548835353816,144.96716706878667,1.6545337092209023,0.5023660808589022,3,2
792,-37.817690975784714,144.96012022433183,4.628985587833736,0.6610021674178694,1,1
793,-37.81536108902822,144.95896502470757,2.6598832717339356,1.156552806833628,1,1
794,-37.812349660479214,144.97086089708452,4.457741005353453,0.9021587679994874,3,1
795,-37.814217678642784,144.9567189672487,2.2115600144550056,3.4022637505694315,2,2
796,-37.81453452796264,144.97394830470472,3.2778074205697796,0.7999964742437927,2,2
797,-37.81168248573147,144.97184413855723,2.902588494397943,0.5272201738871968,2,2
798,-37.8127,144.968,1.5418860596662172,0.48835217261176683,2,1
799,-37.81544308275196,144.9670194145344,4.070626525436487,1.1027308901331625,2,1
800,-37.81389793039926,144.9706752278784,1.9211217622743848,0.8298179016399878,2,2
801,-37.81692676714783,144.96148804822712,5.6331565487662285,1.0783788977067905,1,1
802,-37.815806222146676,144.9632271475233,6.191479061225666,9.476538658468908,2,1
803,-37.814082981732604,144.95687052415803,4.653849377023838,0.8378568284277782,2,2
804,-37.81352340341141,144.96135299531082,5.044488226821453,0.7276660481154308,1,1
805,-37.81340440151885,144.96588541907082,3.598571726826732,1.0113712021904373,2,2
806,-37.81034596428145,144.96425358868072,6.121736113712646,0.7687977516330753,2,1
807,-37.8149297343079,144.9609000769317,2.3054512782418266,1.169227104958979,2,1
808,-37.813493506659455,144.9703382187514,4.075333039065055,0.6940770359517422,2,1
809,-37.8182,144.957,4.621084359475285,1.1547652308843732,2,2
810,-37.81994558344002,144.95477676397223,4.826888503368111,0.4919753451948572,2,2
811,-37.809860301309755,144.9687778477257,4.3739030065606475,10.246083679860352,2,1
812,-37.8130493801409,144.95779474036004,5.816375102468077,1.1120955712051839,3,3
813,-37.815577040501104,144.96344128469474,2.6165840600620487,0.7531131230665531,2,2
814,-37.80837218160124,144.9691999857174,4.173687727047239,0.9207273095928794,1,1
815,-37.809588281614275,144.968572783555,4.787926960758632,1.111457843245362,1,1
816,-37.8154,144.963,6.093632764205937,1.0757587940105482,1,1
